{
  "timestamp": "2026-01-23T23:55:31.537561",
  "executable": "llama_layer_dynamic",
  "warmup_iterations": 3,
  "benchmark_iterations": 10,
  "times_ms": [
    134.02479200021844,
    134.92124999993393,
    131.54845799999748,
    130.01799999983632,
    132.38441699968462,
    131.53495899996415,
    132.56245800039324,
    132.3441249996904,
    131.4699159997872,
    128.89366700028404
  ],
  "avg_ms": 131.97020419997898,
  "min_ms": 128.89366700028404,
  "max_ms": 134.92124999993393
}